{"IRL":{"negative":194,"neutral":831,"positive":864,"tweets":2823,"negative_perc":0.060211049,"neutral_perc":0.0812952455,"positive_perc":0.0886517546,"tweets_perc":0.0714213429,"predicted_score":2.8679223331},"CYP":{"negative":132,"neutral":916,"positive":589,"tweets":3029,"negative_perc":0.0409683426,"neutral_perc":0.0896106437,"positive_perc":0.0604350503,"tweets_perc":0.0766331023,"predicted_score":2.3737282464},"FIN":{"negative":173,"neutral":682,"positive":725,"tweets":2641,"negative_perc":0.0536933582,"neutral_perc":0.0667188417,"positive_perc":0.0743894931,"tweets_perc":0.0668167788,"predicted_score":2.313796728},"CZE":{"negative":203,"neutral":860,"positive":685,"tweets":2769,"negative_perc":0.0630043451,"neutral_perc":0.0841322637,"positive_perc":0.0702852452,"tweets_perc":0.0700551536,"predicted_score":2.0363223647},"EST":{"negative":127,"neutral":599,"positive":596,"tweets":2336,"negative_perc":0.0394165115,"neutral_perc":0.0585991,"positive_perc":0.0611532937,"tweets_perc":0.059100339,"predicted_score":1.9603025075},"AUT":{"negative":96,"neutral":480,"positive":485,"tweets":1832,"negative_perc":0.0297951583,"neutral_perc":0.0469575426,"positive_perc":0.0497640057,"tweets_perc":0.0463492385,"predicted_score":1.4402438802},"BUL":{"negative":154,"neutral":517,"positive":559,"tweets":2080,"negative_perc":0.0477963998,"neutral_perc":0.0505771865,"positive_perc":0.0573568644,"tweets_perc":0.0526235895,"predicted_score":1.4226058092},"ISR":{"negative":468,"neutral":915,"positive":899,"tweets":3613,"negative_perc":0.1452513966,"neutral_perc":0.0895128155,"positive_perc":0.0922429715,"tweets_perc":0.091408187,"predicted_score":1.247726939},"ALB":{"negative":83,"neutral":396,"positive":422,"tweets":1558,"negative_perc":0.0257603973,"neutral_perc":0.0387399726,"positive_perc":0.0432998153,"tweets_perc":0.0394170925,"predicted_score":1.1086196789},"LTU":{"negative":153,"neutral":449,"positive":502,"tweets":1915,"negative_perc":0.0474860335,"neutral_perc":0.0439248679,"positive_perc":0.0515083111,"tweets_perc":0.0484491221,"predicted_score":1.0827665056},"SUI":{"negative":128,"neutral":501,"positive":438,"tweets":1858,"negative_perc":0.0397268777,"neutral_perc":0.049011935,"positive_perc":0.0449415145,"tweets_perc":0.0470070333,"predicted_score":1.0081623224},"GRE":{"negative":135,"neutral":448,"positive":421,"tweets":2045,"negative_perc":0.0418994413,"neutral_perc":0.0438270397,"positive_perc":0.0431972091,"tweets_perc":0.0517380964,"predicted_score":0.9632808785},"BEL":{"negative":167,"neutral":472,"positive":445,"tweets":1902,"negative_perc":0.0518311608,"neutral_perc":0.0461749168,"positive_perc":0.0456597578,"tweets_perc":0.0481202247,"predicted_score":0.7348444896},"BLR":{"negative":172,"neutral":390,"positive":395,"tweets":1814,"negative_perc":0.0533829919,"neutral_perc":0.0381530033,"positive_perc":0.040529448,"tweets_perc":0.045893842,"predicted_score":0.4118640541},"AZE":{"negative":104,"neutral":299,"positive":329,"tweets":1180,"negative_perc":0.0322780881,"neutral_perc":0.0292506359,"positive_perc":0.0337574389,"tweets_perc":0.0298537671,"predicted_score":0.3172675407},"CRO":{"negative":211,"neutral":349,"positive":442,"tweets":1740,"negative_perc":0.065487275,"neutral_perc":0.0341420466,"positive_perc":0.0453519393,"tweets_perc":0.0440216566,"predicted_score":0.2362610215},"ARM":{"negative":107,"neutral":241,"positive":260,"tweets":1206,"negative_perc":0.0332091868,"neutral_perc":0.0235765995,"positive_perc":0.0266776113,"tweets_perc":0.030511562,"predicted_score":0.0015863462},"MKD":{"negative":238,"neutral":575,"positive":385,"tweets":1926,"negative_perc":0.0738671633,"neutral_perc":0.0562512229,"positive_perc":0.039503386,"tweets_perc":0.0487274199,"predicted_score":-0.0392953417},"ISL":{"negative":177,"neutral":302,"positive":305,"tweets":1259,"negative_perc":0.0549348231,"neutral_perc":0.0295441205,"positive_perc":0.0312948902,"tweets_perc":0.0318524516,"predicted_score":-0.3295330893}}