{"CYP":{"negative":113,"neutral":688,"positive":652,"tweets":2318,"negative_perc":0.0279357231,"neutral_perc":0.0445422763,"positive_perc":0.0581779245,"tweets_perc":0.0516741718,"predicted_score":1.9321987707},"IRL":{"negative":86,"neutral":556,"positive":677,"tweets":1703,"negative_perc":0.0212608158,"neutral_perc":0.0359963745,"positive_perc":0.0604086732,"tweets_perc":0.0379642427,"predicted_score":1.8745209959},"FIN":{"negative":109,"neutral":413,"positive":702,"tweets":1620,"negative_perc":0.026946848,"neutral_perc":0.0267383141,"positive_perc":0.0626394218,"tweets_perc":0.0361139596,"predicted_score":1.7437696904},"CZE":{"negative":144,"neutral":2000,"positive":414,"tweets":3248,"negative_perc":0.0355995056,"neutral_perc":0.1294833614,"positive_perc":0.0369411975,"tweets_perc":0.0724062598,"predicted_score":1.6195740495},"GBR":{"negative":325,"neutral":837,"positive":894,"tweets":2502,"negative_perc":0.0803461063,"neutral_perc":0.0541887867,"positive_perc":0.0797715713,"tweets_perc":0.0557760043,"predicted_score":1.5560584903},"ITA":{"negative":76,"neutral":394,"positive":550,"tweets":1530,"negative_perc":0.0187886279,"neutral_perc":0.0255082222,"positive_perc":0.0490764701,"tweets_perc":0.0341076285,"predicted_score":1.3633077927},"MDA":{"negative":145,"neutral":461,"positive":536,"tweets":1847,"negative_perc":0.0358467244,"neutral_perc":0.0298459148,"positive_perc":0.0478272508,"tweets_perc":0.0411743725,"predicted_score":1.0335118474},"EST":{"negative":118,"neutral":597,"positive":492,"tweets":1736,"negative_perc":0.0291718171,"neutral_perc":0.0386507834,"positive_perc":0.0439011332,"tweets_perc":0.0386998975,"predicted_score":1.0282818214},"AUT":{"negative":88,"neutral":295,"positive":479,"tweets":1258,"negative_perc":0.0217552534,"neutral_perc":0.0190987958,"positive_perc":0.0427411439,"tweets_perc":0.0280440501,"predicted_score":0.8790944336},"UKR":{"negative":114,"neutral":1018,"positive":351,"tweets":2138,"negative_perc":0.0281829419,"neutral_perc":0.0659070309,"positive_perc":0.0313197109,"tweets_perc":0.0476615097,"predicted_score":0.8346935535},"ISR":{"negative":457,"neutral":1526,"positive":712,"tweets":3753,"negative_perc":0.1129789864,"neutral_perc":0.0987958047,"positive_perc":0.0635317212,"tweets_perc":0.0836640064,"predicted_score":0.8017526},"NOR":{"negative":185,"neutral":782,"positive":429,"tweets":1945,"negative_perc":0.0457354759,"neutral_perc":0.0506279943,"positive_perc":0.0382796466,"tweets_perc":0.0433590441,"predicted_score":0.5113097109},"NED":{"negative":136,"neutral":660,"positive":379,"tweets":1567,"negative_perc":0.0336217553,"neutral_perc":0.0427295093,"positive_perc":0.0338181494,"tweets_perc":0.0349324535,"predicted_score":0.4405199308},"FRA":{"negative":88,"neutral":441,"positive":325,"tweets":1397,"negative_perc":0.0217552534,"neutral_perc":0.0285510812,"positive_perc":0.0289997323,"tweets_perc":0.031142717,"predicted_score":0.4250660295},"HUN":{"negative":207,"neutral":577,"positive":445,"tweets":1982,"negative_perc":0.0511742892,"neutral_perc":0.0373559498,"positive_perc":0.0397073258,"tweets_perc":0.0441838691,"predicted_score":0.3972097775},"ESP":{"negative":139,"neutral":366,"positive":312,"tweets":1726,"negative_perc":0.0343634116,"neutral_perc":0.0236954551,"positive_perc":0.027839743,"tweets_perc":0.0384769718,"predicted_score":0.1879313515},"SWE":{"negative":140,"neutral":421,"positive":314,"tweets":1576,"negative_perc":0.0346106304,"neutral_perc":0.0272562476,"positive_perc":0.0280182029,"tweets_perc":0.0351330866,"predicted_score":0.1303000546},"POR":{"negative":123,"neutral":565,"positive":281,"tweets":1400,"negative_perc":0.030407911,"neutral_perc":0.0365790496,"positive_perc":0.0250736147,"tweets_perc":0.0312095947,"predicted_score":0.0711644781},"DEN":{"negative":229,"neutral":564,"positive":373,"tweets":1694,"negative_perc":0.0566131026,"neutral_perc":0.0365143079,"positive_perc":0.0332827697,"tweets_perc":0.0377636096,"predicted_score":-0.1428614548},"LTU":{"negative":155,"neutral":439,"positive":300,"tweets":1299,"negative_perc":0.0383189122,"neutral_perc":0.0284215978,"positive_perc":0.0267689837,"tweets_perc":0.0289580454,"predicted_score":-0.1438096493},"SLO":{"negative":98,"neutral":292,"positive":244,"tweets":904,"negative_perc":0.0242274413,"neutral_perc":0.0189045708,"positive_perc":0.0217721067,"tweets_perc":0.0201524812,"predicted_score":-0.1983756138},"AUS":{"negative":201,"neutral":347,"positive":371,"tweets":1304,"negative_perc":0.0496909765,"neutral_perc":0.0224653632,"positive_perc":0.0331043098,"tweets_perc":0.0290695082,"predicted_score":-0.2041525254},"GER":{"negative":256,"neutral":424,"positive":394,"tweets":1643,"negative_perc":0.0632880099,"neutral_perc":0.0274504726,"positive_perc":0.0351565986,"tweets_perc":0.0366266887,"predicted_score":-0.2979425657},"SRB":{"negative":75,"neutral":333,"positive":146,"tweets":984,"negative_perc":0.0185414091,"neutral_perc":0.0215589797,"positive_perc":0.0130275721,"tweets_perc":0.0219358866,"predicted_score":-0.3549170432},"BUL":{"negative":126,"neutral":264,"positive":217,"tweets":992,"negative_perc":0.0311495674,"neutral_perc":0.0170918037,"positive_perc":0.0193628982,"tweets_perc":0.0221142271,"predicted_score":-0.440789936},"ALB":{"negative":112,"neutral":186,"positive":218,"tweets":792,"negative_perc":0.0276885043,"neutral_perc":0.0120419526,"positive_perc":0.0194521281,"tweets_perc":0.0176557136,"predicted_score":-0.4595882925}}