{"UKR":{"negative":171,"neutral":832,"positive":1152,"tweets":3269,"negative_perc":0.0381696429,"neutral_perc":0.0490219185,"positive_perc":0.0751614797,"tweets_perc":0.0549790612,"predicted_score":2.4354374906},"CYP":{"negative":201,"neutral":1207,"positive":942,"tweets":4053,"negative_perc":0.0448660714,"neutral_perc":0.0711171341,"positive_perc":0.0614601683,"tweets_perc":0.0681646176,"predicted_score":2.0676020014},"IRL":{"negative":259,"neutral":1108,"positive":1147,"tweets":3507,"negative_perc":0.0578125,"neutral_perc":0.0652839972,"positive_perc":0.074835258,"tweets_perc":0.0589818194,"predicted_score":2.0527224924},"FIN":{"negative":206,"neutral":902,"positive":905,"tweets":3147,"negative_perc":0.0459821429,"neutral_perc":0.0531463587,"positive_perc":0.0590461277,"tweets_perc":0.0529272272,"predicted_score":1.553576203},"CZE":{"negative":241,"neutral":1008,"positive":821,"tweets":3221,"negative_perc":0.0537946429,"neutral_perc":0.0593919397,"positive_perc":0.0535656032,"tweets_perc":0.0541717822,"predicted_score":1.1776607575},"AUS":{"negative":285,"neutral":841,"positive":939,"tweets":3164,"negative_perc":0.0636160714,"neutral_perc":0.0495522036,"positive_perc":0.0612644353,"tweets_perc":0.0532131385,"predicted_score":1.1761410361},"EST":{"negative":170,"neutral":727,"positive":734,"tweets":2731,"negative_perc":0.0379464286,"neutral_perc":0.0428352581,"positive_perc":0.0478893456,"tweets_perc":0.0459308095,"predicted_score":1.1285066229},"SWE":{"negative":191,"neutral":936,"positive":667,"tweets":2948,"negative_perc":0.0426339286,"neutral_perc":0.0551496583,"positive_perc":0.0435179748,"tweets_perc":0.0495803831,"predicted_score":0.9514904744},"MDA":{"negative":166,"neutral":657,"positive":693,"tweets":2511,"negative_perc":0.0370535714,"neutral_perc":0.0387108178,"positive_perc":0.0452143277,"tweets_perc":0.0422307809,"predicted_score":0.9507682348},"NOR":{"negative":217,"neutral":741,"positive":700,"tweets":2857,"negative_perc":0.0484375,"neutral_perc":0.0436601461,"positive_perc":0.045671038,"tweets_perc":0.0480499167,"predicted_score":0.8133970524},"AUT":{"negative":123,"neutral":564,"positive":591,"tweets":2100,"negative_perc":0.0274553571,"neutral_perc":0.0332312043,"positive_perc":0.038559405,"tweets_perc":0.0353184547,"predicted_score":0.7667770732},"BUL":{"negative":186,"neutral":605,"positive":670,"tweets":2358,"negative_perc":0.0415178571,"neutral_perc":0.0356469479,"positive_perc":0.0437137078,"tweets_perc":0.0396575792,"predicted_score":0.7082791867},"HUN":{"negative":258,"neutral":1158,"positive":616,"tweets":3469,"negative_perc":0.0575892857,"neutral_perc":0.0682300259,"positive_perc":0.0401905135,"tweets_perc":0.0583427236,"predicted_score":0.6599797633},"DEN":{"negative":231,"neutral":795,"positive":649,"tweets":2715,"negative_perc":0.0515625,"neutral_perc":0.0468418572,"positive_perc":0.0423435767,"tweets_perc":0.0456617165,"predicted_score":0.5584219691},"ALB":{"negative":99,"neutral":480,"positive":503,"tweets":1791,"negative_perc":0.0220982143,"neutral_perc":0.028281876,"positive_perc":0.032817903,"tweets_perc":0.0301215964,"predicted_score":0.5472603014},"LTU":{"negative":194,"neutral":542,"positive":624,"tweets":2210,"negative_perc":0.0433035714,"neutral_perc":0.0319349517,"positive_perc":0.0407124682,"tweets_perc":0.037168469,"predicted_score":0.4747102963},"ISR":{"negative":625,"neutral":1368,"positive":1142,"tweets":4854,"negative_perc":0.1395089286,"neutral_perc":0.0806033467,"positive_perc":0.0745090363,"tweets_perc":0.0816360854,"predicted_score":0.4439201531},"NED":{"negative":198,"neutral":834,"positive":552,"tweets":2516,"negative_perc":0.0441964286,"neutral_perc":0.0491397596,"positive_perc":0.0360148757,"tweets_perc":0.0423148724,"predicted_score":0.432760239},"SRB":{"negative":172,"neutral":516,"positive":500,"tweets":2080,"negative_perc":0.0383928571,"neutral_perc":0.0304030167,"positive_perc":0.03262217,"tweets_perc":0.0349820885,"predicted_score":0.225056939},"SLO":{"negative":193,"neutral":619,"positive":501,"tweets":2274,"negative_perc":0.0430803571,"neutral_perc":0.036471836,"positive_perc":0.0326874144,"tweets_perc":0.038244841,"predicted_score":0.1963016255},"ITA":{"negative":6,"neutral":165,"positive":66,"tweets":336,"negative_perc":0.0013392857,"neutral_perc":0.0097218949,"positive_perc":0.0043061264,"tweets_perc":0.0056509528,"predicted_score":-0.6455055129},"FRA":{"negative":34,"neutral":252,"positive":65,"tweets":507,"negative_perc":0.0075892857,"neutral_perc":0.0148479849,"positive_perc":0.0042408821,"tweets_perc":0.0085268841,"predicted_score":-0.7318555381},"ESP":{"negative":3,"neutral":28,"positive":17,"tweets":416,"negative_perc":0.0006696429,"neutral_perc":0.0016497761,"positive_perc":0.0011091538,"tweets_perc":0.0069964177,"predicted_score":-0.75694802},"GER":{"negative":21,"neutral":43,"positive":58,"tweets":194,"negative_perc":0.0046875,"neutral_perc":0.0025335847,"positive_perc":0.0037841717,"tweets_perc":0.0032627525,"predicted_score":-0.8302029666},"POR":{"negative":19,"neutral":31,"positive":51,"tweets":171,"negative_perc":0.0042410714,"neutral_perc":0.0018265378,"positive_perc":0.0033274613,"tweets_perc":0.0028759313,"predicted_score":-0.8476858173},"GBR":{"negative":11,"neutral":13,"positive":22,"tweets":60,"negative_perc":0.0024553571,"neutral_perc":0.0007659675,"positive_perc":0.0014353755,"tweets_perc":0.0010090987,"predicted_score":-0.9207437595}}