{"ISR":{"negative":0,"neutral":1,"positive":3,"tweets":31,"negative_perc":0.0,"neutral_perc":0.0131578947,"positive_perc":0.0731707317,"tweets_perc":0.1565656566,"predicted_score":5.381691497},"AUS":{"negative":3,"neutral":9,"positive":9,"tweets":23,"negative_perc":0.2727272727,"neutral_perc":0.1184210526,"positive_perc":0.2195121951,"tweets_perc":0.1161616162,"predicted_score":3.6769670599},"ESP":{"negative":0,"neutral":13,"positive":0,"tweets":34,"negative_perc":0.0,"neutral_perc":0.1710526316,"positive_perc":0.0,"tweets_perc":0.1717171717,"predicted_score":3.3181958571},"FRA":{"negative":0,"neutral":12,"positive":2,"tweets":14,"negative_perc":0.0,"neutral_perc":0.1578947368,"positive_perc":0.0487804878,"tweets_perc":0.0707070707,"predicted_score":3.0902562848},"NOR":{"negative":0,"neutral":2,"positive":3,"tweets":9,"negative_perc":0.0,"neutral_perc":0.0263157895,"positive_perc":0.0731707317,"tweets_perc":0.0454545455,"predicted_score":3.0679500839},"NED":{"negative":1,"neutral":1,"positive":5,"tweets":7,"negative_perc":0.0909090909,"neutral_perc":0.0131578947,"positive_perc":0.1219512195,"tweets_perc":0.0353535354,"predicted_score":2.3995526728},"MDA":{"negative":0,"neutral":0,"positive":3,"tweets":3,"negative_perc":0.0,"neutral_perc":0.0,"positive_perc":0.0731707317,"tweets_perc":0.0151515152,"predicted_score":2.3305113809},"HUN":{"negative":0,"neutral":3,"positive":2,"tweets":6,"negative_perc":0.0,"neutral_perc":0.0394736842,"positive_perc":0.0487804878,"tweets_perc":0.0303030303,"predicted_score":1.8104523023},"UKR":{"negative":0,"neutral":2,"positive":2,"tweets":6,"negative_perc":0.0,"neutral_perc":0.0263157895,"positive_perc":0.0487804878,"tweets_perc":0.0303030303,"predicted_score":1.7636282426},"FIN":{"negative":0,"neutral":1,"positive":2,"tweets":3,"negative_perc":0.0,"neutral_perc":0.0131578947,"positive_perc":0.0487804878,"tweets_perc":0.0151515152,"predicted_score":1.3949088911},"SRB":{"negative":0,"neutral":0,"positive":2,"tweets":3,"negative_perc":0.0,"neutral_perc":0.0,"positive_perc":0.0487804878,"tweets_perc":0.0151515152,"predicted_score":1.3480848313},"SWE":{"negative":0,"neutral":3,"positive":1,"tweets":5,"negative_perc":0.0,"neutral_perc":0.0394736842,"positive_perc":0.0243902439,"tweets_perc":0.0252525253,"predicted_score":0.7207273222},"IRL":{"negative":0,"neutral":0,"positive":1,"tweets":2,"negative_perc":0.0,"neutral_perc":0.0,"positive_perc":0.0243902439,"tweets_perc":0.0101010101,"predicted_score":0.2583598512},"AUT":{"negative":0,"neutral":0,"positive":1,"tweets":1,"negative_perc":0.0,"neutral_perc":0.0,"positive_perc":0.0243902439,"tweets_perc":0.0050505051,"predicted_score":0.1510614206},"GER":{"negative":0,"neutral":0,"positive":1,"tweets":1,"negative_perc":0.0,"neutral_perc":0.0,"positive_perc":0.0243902439,"tweets_perc":0.0050505051,"predicted_score":0.1510614206},"LTU":{"negative":0,"neutral":4,"positive":0,"tweets":7,"negative_perc":0.0,"neutral_perc":0.0526315789,"positive_perc":0.0,"tweets_perc":0.0353535354,"predicted_score":-0.0002783065},"ITA":{"negative":0,"neutral":2,"positive":0,"tweets":2,"negative_perc":0.0,"neutral_perc":0.0263157895,"positive_perc":0.0,"tweets_perc":0.0101010101,"predicted_score":-0.6304185789},"CZE":{"negative":0,"neutral":1,"positive":0,"tweets":2,"negative_perc":0.0,"neutral_perc":0.0131578947,"positive_perc":0.0,"tweets_perc":0.0101010101,"predicted_score":-0.6772426387},"BUL":{"negative":0,"neutral":0,"positive":0,"tweets":2,"negative_perc":0.0,"neutral_perc":0.0,"positive_perc":0.0,"tweets_perc":0.0101010101,"predicted_score":-0.7240666984},"POR":{"negative":0,"neutral":1,"positive":0,"tweets":1,"negative_perc":0.0,"neutral_perc":0.0131578947,"positive_perc":0.0,"tweets_perc":0.0050505051,"predicted_score":-0.7845410693},"EST":{"negative":0,"neutral":0,"positive":0,"tweets":1,"negative_perc":0.0,"neutral_perc":0.0,"positive_perc":0.0,"tweets_perc":0.0050505051,"predicted_score":-0.831365129},"ALB":{"negative":0,"neutral":0,"positive":0,"tweets":0,"negative_perc":0.0,"neutral_perc":0.0,"positive_perc":0.0,"tweets_perc":0.0,"predicted_score":-0.9386635596},"GBR":{"negative":0,"neutral":0,"positive":0,"tweets":0,"negative_perc":0.0,"neutral_perc":0.0,"positive_perc":0.0,"tweets_perc":0.0,"predicted_score":-0.9386635596},"DEN":{"negative":2,"neutral":16,"positive":0,"tweets":18,"negative_perc":0.1818181818,"neutral_perc":0.2105263158,"positive_perc":0.0,"tweets_perc":0.0909090909,"predicted_score":-3.0017660317},"CYP":{"negative":3,"neutral":3,"positive":3,"tweets":12,"negative_perc":0.2727272727,"neutral_perc":0.0394736842,"positive_perc":0.0731707317,"tweets_perc":0.0606060606,"predicted_score":-3.6788193326},"SLO":{"negative":2,"neutral":2,"positive":1,"tweets":5,"negative_perc":0.1818181818,"neutral_perc":0.0263157895,"positive_perc":0.0243902439,"tweets_perc":0.0252525253,"predicted_score":-4.0697559163}}